{"cameraMode":{"drawMode":0,"name":"Shaded","section":"Shading Mode"},"sceneLighting":true,"audioPlay":false,"sceneViewState":{"showFog":true,"showMaterialUpdate":false,"showSkybox":true,"showFlares":true,"showImageEffects":true,"showParticleSystems":true,"showVisualEffectGraphs":true,"m_FxEnabled":false},"in2DMode":false,"pivot":{"x":2.2834086418151857,"y":-2.1929078102111818,"z":2.875319480895996},"rotation":{"x":0.14531470835208894,"y":0.19629916548728944,"z":-0.029429608955979348,"w":0.9692925214767456},"size":7.625518321990967,"orthographic":false}